MUNICIPALITY,TANF RECIPIENTS FY 2005-06
"ANDOVER",6.0000000000000000e+00
"ANSONIA",4.3100000000000000e+02
"ASHFORD",1.7000000000000000e+01
"AVON",1.9000000000000000e+01
"BARKHAMSTED",6.0000000000000000e+00
"BEACON FALLS",1.9000000000000000e+01
"BERLIN",3.7000000000000000e+01
"BETHANY",5.0000000000000000e+00
"BETHEL",2.4000000000000000e+01
"BETHLEHEM",6.0000000000000000e+00
"BLOOMFIELD",1.9500000000000000e+02
"BOLTON",1.3000000000000000e+01
"BOZRAH",1.4000000000000000e+01
"BRANFORD",1.0800000000000000e+02
"BRIDGEPORT",4.3220000000000000e+03
"BRIDGEWATER",1.0000000000000000e+00
"BRISTOL",9.5100000000000000e+02
"BROOKFIELD",1.5000000000000000e+01
"BROOKLYN",2.0000000000000000e+01
"BURLINGTON",1.3000000000000000e+01
"CANAAN",2.0000000000000000e+00
"CANTERBURY",1.8000000000000000e+01
"CANTON",1.1000000000000000e+01
"CHAPLIN",1.8000000000000000e+01
"CHESHIRE",2.9000000000000000e+01
"CHESTER",1.0000000000000000e+01
"CLINTON",2.9000000000000000e+01
"COLCHESTER",6.0000000000000000e+01
"COLEBROOK",0.0000000000000000e+00
"COLUMBIA",1.1000000000000000e+01
"CORNWALL",2.0000000000000000e+00
"COVENTRY",2.6000000000000000e+01
"CROMWELL",3.0000000000000000e+01
"DANBURY",4.0800000000000000e+02
"DARIEN",7.0000000000000000e+00
"DEEP RIVER",1.0000000000000000e+01
"DERBY",1.8000000000000000e+02
"DURHAM",3.0000000000000000e+00
"EAST GRANBY",1.6000000000000000e+01
"EAST HADDAM",1.5000000000000000e+01
"EAST HAMPTON",4.3000000000000000e+01
"EAST HARTFORD",1.1330000000000000e+03
"EAST HAVEN",2.8200000000000000e+02
"EAST LYME",4.8000000000000000e+01
"EAST WINDSOR",6.6000000000000000e+01
"EASTFORD",3.0000000000000000e+00
"EASTON",2.0000000000000000e+00
"ELLINGTON",3.1000000000000000e+01
"ENFIELD",3.0800000000000000e+02
"ESSEX",9.0000000000000000e+00
"FAIRFIELD",8.9000000000000000e+01
"FARMINGTON",4.9000000000000000e+01
"FRANKLIN",3.0000000000000000e+00
"GLASTONBURY",4.9000000000000000e+01
"GOSHEN",4.0000000000000000e+00
"GRANBY",1.3000000000000000e+01
"GREENWICH",7.9000000000000000e+01
"GRISWOLD",1.1600000000000000e+02
"GROTON",3.7300000000000000e+02
"GROTON (City of)",
"GUILFORD",3.6000000000000000e+01
"HADDAM",1.8000000000000000e+01
"HAMDEN",4.9300000000000000e+02
"HAMPTON",3.0000000000000000e+00
"HARTFORD",7.6750000000000000e+03
"HARTLAND",3.0000000000000000e+00
"HARWINTON",1.2000000000000000e+01
"HEBRON",6.0000000000000000e+00
"KENT",5.0000000000000000e+00
"KILLINGLY",2.5400000000000000e+02
"KILLINGWORTH",1.5000000000000000e+01
"LEBANON",2.9000000000000000e+01
"LEDYARD",6.2000000000000000e+01
"LISBON",1.2000000000000000e+01
"LITCHFIELD",2.0000000000000000e+01
"LYME",2.0000000000000000e+00
"MADISON",1.3000000000000000e+01
"MANCHESTER",7.6200000000000000e+02
"MANSFIELD",3.8000000000000000e+01
"MARLBOROUGH",4.0000000000000000e+00
"MERIDEN",1.5700000000000000e+03
"MIDDLEBURY",7.0000000000000000e+00
"MIDDLEFIELD",8.0000000000000000e+00
"MIDDLETOWN",6.0400000000000000e+02
"MILFORD",2.4500000000000000e+02
"MONROE",2.3000000000000000e+01
"MONTVILLE",1.1100000000000000e+02
"MORRIS",8.0000000000000000e+00
"NAUGATUCK",2.8400000000000000e+02
"NEW BRITAIN",2.9800000000000000e+03
"NEW CANAAN",3.0000000000000000e+00
"NEW FAIRFIELD",2.2000000000000000e+01
"NEW HARTFORD",9.0000000000000000e+00
"NEW HAVEN",5.9310000000000000e+03
"NEW LONDON",8.7500000000000000e+02
"NEW MILFORD",8.8000000000000000e+01
"NEWINGTON",9.7000000000000000e+01
"NEWTOWN",3.7000000000000000e+01
"NORFOLK",1.1000000000000000e+01
"NORTH BRANFORD",3.0000000000000000e+01
"NORTH CANAAN",1.6000000000000000e+01
"NORTH HAVEN",7.5000000000000000e+01
"NORTH STONINGTON",1.3000000000000000e+01
"NORWALK",5.9900000000000000e+02
"NORWICH",8.5300000000000000e+02
"OLD LYME",7.0000000000000000e+00
"OLD SAYBROOK",2.6000000000000000e+01
"ORANGE",8.0000000000000000e+00
"OXFORD",1.7000000000000000e+01
"PLAINFIELD",1.6600000000000000e+02
"PLAINVILLE",1.2900000000000000e+02
"PLYMOUTH",8.3000000000000000e+01
"POMFRET",1.2000000000000000e+01
"PORTLAND",6.5000000000000000e+01
"PRESTON",1.7000000000000000e+01
"PROSPECT",1.4000000000000000e+01
"PUTNAM",1.4200000000000000e+02
"REDDING",5.0000000000000000e+00
"RIDGEFIELD",5.0000000000000000e+00
"ROCKY HILL",2.7000000000000000e+01
"ROXBURY",0.0000000000000000e+00
"SALEM",8.0000000000000000e+00
"SALISBURY",1.2000000000000000e+01
"SCOTLAND",5.0000000000000000e+00
"SEYMOUR",8.3000000000000000e+01
"SHARON",2.0000000000000000e+00
"SHELTON",1.3800000000000000e+02
"SHERMAN",7.0000000000000000e+00
"SIMSBURY",2.2000000000000000e+01
"SOMERS",2.4000000000000000e+01
"SOUTH WINDSOR",4.0000000000000000e+01
"SOUTHBURY",2.8000000000000000e+01
"SOUTHINGTON",1.5000000000000000e+02
"SPRAGUE",3.9000000000000000e+01
"STAFFORD",8.3000000000000000e+01
"STAMFORD",5.9500000000000000e+02
"STERLING",2.4000000000000000e+01
"STONINGTON",9.8000000000000000e+01
"STRATFORD",3.6600000000000000e+02
"SUFFIELD",1.4000000000000000e+01
"THOMASTON",3.2000000000000000e+01
"THOMPSON",6.6000000000000000e+01
"TOLLAND",9.0000000000000000e+00
"TORRINGTON",4.2700000000000000e+02
"TRUMBULL",3.5000000000000000e+01
"UNION",0.0000000000000000e+00
"VERNON",3.6300000000000000e+02
"VOLUNTOWN",1.4000000000000000e+01
"WALLINGFORD",1.4000000000000000e+02
"WARREN",1.0000000000000000e+00
"WASHINGTON",1.5000000000000000e+01
"WATERBURY",4.4160000000000000e+03
"WATERFORD",6.8000000000000000e+01
"WATERTOWN",7.7000000000000000e+01
"WEST HARTFORD",2.8700000000000000e+02
"WEST HAVEN",8.6500000000000000e+02
"WESTBROOK",9.0000000000000000e+00
"WESTON",1.0000000000000000e+00
"WESTPORT",1.0000000000000000e+01
"WETHERSFIELD",8.6000000000000000e+01
"WILLINGTON",1.8000000000000000e+01
"WILTON",0.0000000000000000e+00
"WINCHESTER",1.0600000000000000e+02
"WINDHAM",6.3800000000000000e+02
"WINDSOR",1.8400000000000000e+02
"WINDSOR LOCKS",5.8000000000000000e+01
"WOLCOTT",5.4000000000000000e+01
"WOODBRIDGE",8.0000000000000000e+00
"WOODBURY",1.0000000000000000e+01
"WOODSTOCK",1.0000000000000000e+01
